sglund,ano,docentes,disciplinas,turmas
CEBIMar,2001,2,1,3
CEBIMar,2002,2,1,2
CEBIMar,2003,3,5,43
CEBIMar,2004,3,3,28
CEBIMar,2005,3,4,51
CEBIMar,2006,3,2,19
CEBIMar,2007,3,3,33
CEBIMar,2008,3,3,12
CEBIMar,2009,3,2,17
CEBIMar,2010,3,1,3
CEBIMar,2011,1,1,2
CEBIMar,2012,2,1,12
CEBIMar,2013,3,3,30
CEBIMar,2014,4,5,27
CEBIMar,2015,3,5,23
CEBIMar,2016,5,6,16
CEBIMar,2017,5,8,150
CEBIMar,2018,5,4,70
CEBIMar,2019,5,8,245
CEBIMar,2020,5,8,253
CENA,1998,7,5,18
CENA,1999,8,11,33
CENA,2000,17,9,39
CENA,2001,9,11,29
CENA,2002,17,18,54
CENA,2003,17,21,46
CENA,2004,24,31,70
CENA,2005,29,45,78
CENA,2006,31,45,80
CENA,2007,31,51,121
CENA,2008,31,52,109
CENA,2009,24,36,66
CENA,2010,27,32,51
CENA,2011,24,31,56
CENA,2012,27,35,58
CENA,2013,25,32,62
CENA,2014,24,33,57
CENA,2015,25,32,60
CENA,2016,26,36,65
CENA,2017,31,37,66
CENA,2018,31,42,75
CENA,2019,30,42,86
CENA,2020,31,40,82
CEPEUSP,1998,1,3,9
CEPEUSP,1999,1,3,8
CEPEUSP,2000,1,3,14
CEPEUSP,2001,1,3,10
CEPEUSP,2002,1,2,6
CEPEUSP,2003,1,2,6
CEPEUSP,2004,1,2,4
CEPEUSP,2005,1,2,3
CEPEUSP,2006,1,2,2
CEPEUSP,2007,1,2,2
CEPEUSP,2008,1,2,2
CEPEUSP,2009,1,2,2
CEPEUSP,2010,1,4,4
CEPEUSP,2011,1,2,2
CEPEUSP,2012,1,2,2
CEPEUSP,2013,1,2,2
CEPEUSP,2014,1,2,2
CEPEUSP,2015,1,2,2
CEPEUSP,2016,1,2,2
CEPEUSP,2017,1,1,1
CEPEUSP,2018,1,1,1
EACH,1998,11,33,72
EACH,1999,12,26,65
EACH,2000,10,25,63
EACH,2001,11,28,66
EACH,2002,12,30,87
EACH,2003,16,45,106
EACH,2004,14,46,99
EACH,2005,72,97,293
EACH,2006,119,196,697
EACH,2007,170,332,1121
EACH,2008,202,443,1374
EACH,2009,231,458,1434
EACH,2010,233,470,1440
EACH,2011,251,495,1784
EACH,2012,257,520,1735
EACH,2013,268,532,1873
EACH,2014,272,529,2110
EACH,2015,278,553,2120
EACH,2016,286,562,2282
EACH,2017,277,546,1757
EACH,2018,279,577,2054
EACH,2019,270,579,1872
EACH,2020,267,547,1709
ECA,1998,166,457,1207
ECA,1999,167,461,1219
ECA,2000,173,484,1220
ECA,2001,180,476,1122
ECA,2002,172,459,918
ECA,2003,189,484,1007
ECA,2004,179,456,1012
ECA,2005,180,470,1003
ECA,2006,181,481,1050
ECA,2007,186,515,1264
ECA,2008,196,542,1294
ECA,2009,183,497,736
ECA,2010,186,478,725
ECA,2011,193,501,732
ECA,2012,194,505,730
ECA,2013,191,499,720
ECA,2014,199,495,722
ECA,2015,200,508,798
ECA,2016,199,494,768
ECA,2017,194,501,789
ECA,2018,186,474,763
ECA,2019,183,488,809
ECA,2020,184,491,777
EE,1998,75,37,1566
EE,1999,80,43,2041
EE,2000,76,44,2012
EE,2001,80,48,2204
EE,2002,78,49,1936
EE,2003,77,48,1566
EE,2004,79,49,1755
EE,2005,79,60,1452
EE,2006,79,56,929
EE,2007,78,55,1807
EE,2008,12,11,20
EE,2009,53,55,176
EE,2010,33,27,68
EE,2011,8,8,23
EE,2012,10,12,22
EE,2013,6,5,6
EE,2014,5,4,6
EE,2015,3,3,3
EE,2016,3,5,19
EE,2017,1,2,16
EE,2018,1,1,3
EE,2020,1,1,3
EEFE,1998,33,76,250
EEFE,1999,37,75,269
EEFE,2000,33,71,233
EEFE,2001,36,86,276
EEFE,2002,36,91,214
EEFE,2003,35,90,180
EEFE,2004,36,89,189
EEFE,2005,36,88,166
EEFE,2006,34,82,122
EEFE,2007,36,84,136
EEFE,2008,36,86,154
EEFE,2009,36,90,155
EEFE,2010,35,86,147
EEFE,2011,42,76,142
EEFE,2012,42,83,151
EEFE,2013,40,79,142
EEFE,2014,41,84,156
EEFE,2015,42,79,150
EEFE,2016,41,82,178
EEFE,2017,44,80,167
EEFE,2018,40,82,159
EEFE,2019,40,82,158
EEFE,2020,39,79,149
EEFERP,2001,1,2,2
EEFERP,2002,1,4,7
EEFERP,2003,1,4,7
EEFERP,2004,1,6,8
EEFERP,2005,1,3,4
EEFERP,2006,3,9,15
EEFERP,2007,3,8,15
EEFERP,2008,5,17,29
EEFERP,2009,9,23,36
EEFERP,2010,12,29,64
EEFERP,2011,13,48,96
EEFERP,2012,14,59,122
EEFERP,2013,18,60,121
EEFERP,2014,19,60,130
EEFERP,2015,19,65,181
EEFERP,2016,19,65,195
EEFERP,2017,19,62,151
EEFERP,2018,18,60,121
EEFERP,2019,18,62,125
EEFERP,2020,19,62,134
EEL,2001,67,82,206
EEL,2002,79,109,509
EEL,2003,78,119,572
EEL,2004,80,102,349
EEL,2005,88,124,619
EEL,2006,86,133,619
EEL,2007,86,113,338
EEL,2008,97,145,620
EEL,2009,96,154,761
EEL,2010,94,152,721
EEL,2011,93,147,713
EEL,2012,106,155,730
EEL,2013,115,178,721
EEL,2014,127,209,781
EEL,2015,137,255,816
EEL,2016,140,288,872
EEL,2017,140,293,836
EEL,2018,144,287,961
EEL,2019,140,283,975
EEL,2020,141,277,858
EERP,1998,51,38,257
EERP,1999,63,43,288
EERP,2000,60,45,475
EERP,2001,69,49,402
EERP,2002,67,56,426
EERP,2003,68,56,412
EERP,2004,71,55,693
EERP,2005,66,53,726
EERP,2006,83,76,1095
EERP,2007,83,85,1351
EERP,2008,90,93,875
EERP,2009,90,109,808
EERP,2010,77,60,291
EERP,2011,55,44,153
EERP,2012,25,23,35
EERP,2020,1,2,2
EESC,1998,167,308,772
EESC,1999,168,318,721
EESC,2000,168,334,753
EESC,2001,168,330,723
EESC,2002,173,337,738
EESC,2003,171,333,818
EESC,2004,177,354,928
EESC,2005,181,374,1063
EESC,2006,190,419,1122
EESC,2007,187,452,1253
EESC,2008,192,453,1235
EESC,2009,197,459,1016
EESC,2010,206,450,1020
EESC,2011,208,464,1043
EESC,2012,210,468,1071
EESC,2013,205,486,1063
EESC,2014,208,488,1070
EESC,2015,209,491,1070
EESC,2016,213,490,1088
EESC,2017,207,512,1126
EESC,2018,201,505,1098
EESC,2019,195,493,1084
EESC,2020,198,486,1035
EP,1993,1,1,1
EP,1998,481,544,1897
EP,1999,470,553,2134
EP,2000,463,569,2263
EP,2001,454,556,1999
EP,2002,455,615,2352
EP,2003,458,615,2796
EP,2004,460,614,2787
EP,2005,465,623,3038
EP,2006,465,662,2659
EP,2007,462,681,2722
EP,2008,460,668,2776
EP,2009,472,662,2752
EP,2010,472,662,2709
EP,2011,466,667,2926
EP,2012,456,665,2688
EP,2013,463,690,2717
EP,2014,467,706,2799
EP,2015,467,752,2850
EP,2016,467,749,2905
EP,2017,464,764,2740
EP,2018,459,859,2786
EP,2019,441,860,2909
EP,2020,451,814,2680
ESALQ,1998,202,262,1521
ESALQ,1999,202,273,1959
ESALQ,2000,214,275,2026
ESALQ,2001,211,295,2039
ESALQ,2002,213,321,2097
ESALQ,2003,215,338,1970
ESALQ,2004,219,360,1763
ESALQ,2005,220,367,1476
ESALQ,2006,226,369,1695
ESALQ,2007,232,367,2266
ESALQ,2008,227,370,2373
ESALQ,2009,236,341,2152
ESALQ,2010,234,347,1872
ESALQ,2011,232,348,2153
ESALQ,2012,238,349,1981
ESALQ,2013,246,350,2133
ESALQ,2014,246,360,2161
ESALQ,2015,249,382,2166
ESALQ,2016,239,388,2003
ESALQ,2017,237,380,2162
ESALQ,2018,235,381,2188
ESALQ,2019,221,359,2304
ESALQ,2020,232,354,1985
FAU,1998,130,142,479
FAU,1999,127,115,471
FAU,2000,126,111,487
FAU,2001,128,114,565
FAU,2002,132,117,459
FAU,2003,134,114,564
FAU,2004,129,110,503
FAU,2005,122,112,507
FAU,2006,124,115,460
FAU,2007,125,117,415
FAU,2008,128,130,428
FAU,2009,130,135,418
FAU,2010,136,154,446
FAU,2011,132,162,496
FAU,2012,139,160,531
FAU,2013,128,154,498
FAU,2014,123,146,465
FAU,2015,125,156,493
FAU,2016,126,152,492
FAU,2017,126,162,510
FAU,2018,126,149,604
FAU,2019,122,140,596
FAU,2020,127,131,580
FCF,1998,82,40,483
FCF,1999,86,44,529
FCF,2000,80,38,360
FCF,2001,86,44,477
FCF,2002,77,43,396
FCF,2003,67,46,322
FCF,2004,84,48,519
FCF,2005,86,57,512
FCF,2006,82,74,592
FCF,2007,84,95,656
FCF,2008,88,111,792
FCF,2009,87,104,912
FCF,2010,89,87,721
FCF,2011,90,83,798
FCF,2012,95,81,770
FCF,2013,96,84,797
FCF,2014,92,82,704
FCF,2015,91,80,648
FCF,2016,90,81,610
FCF,2017,90,83,587
FCF,2018,85,79,562
FCF,2019,76,75,532
FCF,2020,74,76,623
FCFRP,1998,73,68,439
FCFRP,1999,73,66,472
FCFRP,2000,71,67,466
FCFRP,2001,73,67,475
FCFRP,2002,73,72,479
FCFRP,2003,72,73,482
FCFRP,2004,74,80,629
FCFRP,2005,77,82,707
FCFRP,2006,93,89,764
FCFRP,2007,94,103,758
FCFRP,2008,95,102,791
FCFRP,2009,92,95,796
FCFRP,2010,71,74,359
FCFRP,2011,14,11,36
FCFRP,2016,1,1,1
FCFRP,2017,1,1,1
FCFRP,2018,1,1,3
FCFRP,2019,2,2,4
FCFRP,2020,1,2,14
FD,1998,130,130,985
FD,1999,121,129,907
FD,2000,119,129,793
FD,2001,113,131,734
FD,2002,111,131,849
FD,2003,128,131,739
FD,2004,129,136,770
FD,2005,129,137,759
FD,2006,130,144,739
FD,2007,123,139,963
FD,2008,134,143,738
FD,2009,155,153,945
FD,2010,163,161,997
FD,2011,157,157,1107
FD,2012,153,159,1155
FD,2013,156,174,1075
FD,2014,161,188,1137
FD,2015,156,191,1095
FD,2016,154,211,1094
FD,2017,154,213,1048
FD,2018,149,209,903
FD,2019,145,213,945
FD,2020,147,254,952
FDRP,2001,1,2,5
FDRP,2002,1,4,10
FDRP,2003,1,3,4
FDRP,2004,1,4,6
FDRP,2005,1,3,5
FDRP,2006,1,2,4
FDRP,2007,1,3,7
FDRP,2008,8,17,74
FDRP,2009,18,39,123
FDRP,2010,23,55,165
FDRP,2011,32,72,208
FDRP,2012,38,94,300
FDRP,2013,38,103,358
FDRP,2014,38,96,257
FDRP,2015,37,99,376
FDRP,2016,39,97,276
FDRP,2017,41,105,292
FDRP,2018,41,120,318
FDRP,2019,40,125,320
FDRP,2020,37,121,282
FE,1998,41,22,66
FE,1999,90,103,336
FE,2000,84,83,254
FE,2001,86,80,239
FE,2002,100,87,280
FE,2003,95,92,286
FE,2004,96,101,325
FE,2005,101,107,359
FE,2006,100,98,335
FE,2007,106,112,509
FE,2008,112,117,453
FE,2009,108,114,367
FE,2010,105,118,366
FE,2011,106,118,343
FE,2012,107,125,361
FE,2013,115,119,355
FE,2014,109,124,334
FE,2015,108,116,346
FE,2016,102,120,346
FE,2017,102,115,331
FE,2018,102,130,355
FE,2019,103,139,413
FE,2020,110,147,419
FEA,1998,193,163,791
FEA,1999,191,155,806
FEA,2000,187,158,849
FEA,2001,190,168,826
FEA,2002,192,171,1384
FEA,2003,198,201,1550
FEA,2004,201,207,2336
FEA,2005,196,208,1176
FEA,2006,187,201,964
FEA,2007,193,211,1884
FEA,2008,188,207,2210
FEA,2009,187,220,891
FEA,2010,184,208,834
FEA,2011,182,200,838
FEA,2012,183,204,832
FEA,2013,189,207,863
FEA,2014,184,219,804
FEA,2015,196,236,925
FEA,2016,191,230,872
FEA,2017,184,227,791
FEA,2018,168,214,744
FEA,2019,166,200,717
FEA,2020,167,211,741
FEARP,1998,32,103,211
FEARP,1999,33,103,206
FEARP,2000,34,102,210
FEARP,2001,33,97,195
FEARP,2002,37,111,212
FEARP,2003,42,172,319
FEARP,2004,44,137,248
FEARP,2005,49,138,253
FEARP,2006,63,165,371
FEARP,2007,68,199,447
FEARP,2008,79,209,503
FEARP,2009,82,236,559
FEARP,2010,82,202,580
FEARP,2011,89,236,666
FEARP,2012,94,243,649
FEARP,2013,96,238,807
FEARP,2014,92,197,682
FEARP,2015,93,205,672
FEARP,2016,94,195,660
FEARP,2017,93,194,611
FEARP,2018,90,193,595
FEARP,2019,88,200,603
FEARP,2020,89,189,596
FFCLRP,1998,101,123,259
FFCLRP,1999,110,187,386
FFCLRP,2000,114,204,415
FFCLRP,2001,120,240,512
FFCLRP,2002,128,260,513
FFCLRP,2003,140,322,616
FFCLRP,2004,160,417,813
FFCLRP,2005,174,478,953
FFCLRP,2006,183,551,1122
FFCLRP,2007,185,571,1434
FFCLRP,2008,192,592,1314
FFCLRP,2009,200,518,1130
FFCLRP,2010,194,514,1039
FFCLRP,2011,207,486,988
FFCLRP,2012,212,508,1078
FFCLRP,2013,213,488,1122
FFCLRP,2014,211,505,1092
FFCLRP,2015,217,483,1080
FFCLRP,2016,215,522,1164
FFCLRP,2017,216,531,1296
FFCLRP,2018,208,540,1188
FFCLRP,2019,209,542,1219
FFCLRP,2020,206,545,1317
FFLCH,1998,318,472,1656
FFLCH,1999,322,459,1651
FFLCH,2000,308,431,1501
FFLCH,2001,319,426,1600
FFLCH,2002,340,472,1682
FFLCH,2003,379,480,1836
FFLCH,2004,397,518,2070
FFLCH,2005,410,516,2143
FFLCH,2006,427,523,2086
FFLCH,2007,447,534,2193
FFLCH,2008,454,558,2233
FFLCH,2009,454,599,2220
FFLCH,2010,466,615,2312
FFLCH,2011,456,609,2250
FFLCH,2012,450,611,2203
FFLCH,2013,454,602,2204
FFLCH,2014,456,615,2237
FFLCH,2015,450,605,2175
FFLCH,2016,456,609,2184
FFLCH,2017,442,613,2233
FFLCH,2018,433,610,2148
FFLCH,2019,418,598,2124
FFLCH,2020,417,606,2150
FM,1998,60,85,355
FM,1999,95,186,646
FM,2000,125,243,671
FM,2001,143,246,1436
FM,2002,145,245,1744
FM,2003,146,278,1521
FM,2004,186,381,2037
FM,2005,196,399,1664
FM,2006,195,376,1924
FM,2007,195,384,1515
FM,2008,190,386,1655
FM,2009,199,384,2268
FM,2010,199,371,2036
FM,2011,221,423,2212
FM,2012,229,461,2993
FM,2013,228,482,2731
FM,2014,233,459,4065
FM,2015,241,466,4718
FM,2016,242,465,5294
FM,2017,238,449,4086
FM,2018,259,451,6246
FM,2019,275,439,5530
FM,2020,251,341,3522
FMRP,1997,32,24,165
FMRP,1998,225,95,3633
FMRP,1999,218,162,4279
FMRP,2000,244,155,4169
FMRP,2001,249,155,3418
FMRP,2002,242,151,4936
FMRP,2003,250,162,5062
FMRP,2004,267,208,6577
FMRP,2005,293,288,8448
FMRP,2006,303,332,11535
FMRP,2007,315,387,14983
FMRP,2008,312,376,13327
FMRP,2009,330,345,13953
FMRP,2010,322,348,9622
FMRP,2011,320,309,7500
FMRP,2012,237,259,4024
FMRP,2013,250,264,4760
FMRP,2014,263,281,5256
FMRP,2015,266,286,4998
FMRP,2016,267,304,5106
FMRP,2017,236,289,4652
FMRP,2018,237,280,4402
FMRP,2019,237,281,4655
FMRP,2020,238,264,4292
FMVZ,1998,73,63,577
FMVZ,1999,76,60,451
FMVZ,2000,80,70,909
FMVZ,2001,80,78,641
FMVZ,2002,83,74,642
FMVZ,2003,83,76,774
FMVZ,2004,88,83,3989
FMVZ,2005,90,96,4944
FMVZ,2006,93,96,4846
FMVZ,2007,91,97,4465
FMVZ,2008,96,102,4518
FMVZ,2009,96,95,4158
FMVZ,2010,94,83,3726
FMVZ,2011,97,82,4111
FMVZ,2012,100,87,4390
FMVZ,2013,101,89,4369
FMVZ,2014,105,92,4410
FMVZ,2015,106,89,4062
FMVZ,2016,103,89,3747
FMVZ,2017,96,84,3447
FMVZ,2018,93,80,3173
FMVZ,2019,98,96,2931
FMVZ,2020,102,102,3308
FO,1998,148,38,1510
FO,1999,147,38,1148
FO,2000,148,37,1077
FO,2001,146,36,896
FO,2002,143,35,942
FO,2003,156,39,916
FO,2004,154,40,1023
FO,2005,149,39,1175
FO,2006,152,43,966
FO,2007,151,44,950
FO,2008,151,47,1089
FO,2009,156,46,1185
FO,2010,157,48,1134
FO,2011,152,57,1384
FO,2012,156,62,1374
FO,2013,155,70,1360
FO,2014,157,71,1549
FO,2015,154,63,1563
FO,2016,155,60,1521
FO,2017,150,54,1159
FO,2018,151,58,1336
FO,2019,148,58,1237
FO,2020,141,53,1151
FOB,1998,88,84,748
FOB,1999,87,102,741
FOB,2000,91,105,811
FOB,2001,90,108,886
FOB,2002,95,108,946
FOB,2003,91,112,987
FOB,2004,94,118,962
FOB,2005,93,122,937
FOB,2006,97,126,1034
FOB,2007,94,126,1101
FOB,2008,101,126,1194
FOB,2009,104,132,1285
FOB,2010,121,133,1442
FOB,2011,122,138,1352
FOB,2012,121,139,1282
FOB,2013,120,126,1231
FOB,2014,120,105,1045
FOB,2015,92,48,553
FOB,2016,72,26,261
FOB,2017,70,28,233
FOB,2018,60,23,192
FOB,2019,51,14,160
FOB,2020,3,4,7
FORP,1998,82,58,697
FORP,1999,80,57,659
FORP,2000,80,56,627
FORP,2001,82,58,642
FORP,2002,86,58,691
FORP,2003,89,58,746
FORP,2004,89,65,863
FORP,2005,90,63,915
FORP,2006,97,65,1255
FORP,2007,98,68,1219
FORP,2008,99,65,1275
FORP,2009,92,52,3876
FORP,2010,91,41,315
FORP,2011,1,1,2
FORP,2012,1,1,2
FORP,2013,1,1,2
FORP,2014,2,2,6
FORP,2015,2,2,3
FORP,2016,1,1,5
FORP,2017,2,2,13
FORP,2018,1,1,3
FORP,2019,6,2,26
FORP,2020,6,2,26
FSP,1998,41,36,93
FSP,1999,52,47,108
FSP,2000,45,53,122
FSP,2001,48,45,104
FSP,2002,52,47,109
FSP,2003,54,44,133
FSP,2004,56,47,153
FSP,2005,61,55,169
FSP,2006,61,52,139
FSP,2007,65,57,211
FSP,2008,63,56,176
FSP,2009,64,56,269
FSP,2010,68,55,275
FSP,2011,67,49,234
FSP,2012,73,64,349
FSP,2013,76,89,630
FSP,2014,91,113,817
FSP,2015,90,131,1093
FSP,2016,83,131,1023
FSP,2017,83,122,1004
FSP,2018,83,125,1242
FSP,2019,83,123,1028
FSP,2020,84,118,838
FZEA,1998,33,70,124
FZEA,1999,34,71,111
FZEA,2000,34,70,141
FZEA,2001,38,83,143
FZEA,2002,45,100,175
FZEA,2003,46,109,201
FZEA,2004,50,124,298
FZEA,2005,54,139,343
FZEA,2006,59,141,347
FZEA,2007,57,144,382
FZEA,2008,64,143,516
FZEA,2009,73,170,588
FZEA,2010,88,193,597
FZEA,2011,95,225,678
FZEA,2012,106,271,748
FZEA,2013,110,299,884
FZEA,2014,110,296,803
FZEA,2015,113,289,798
FZEA,2016,115,302,945
FZEA,2017,115,302,759
FZEA,2018,121,295,739
FZEA,2019,116,295,737
FZEA,2020,120,277,789
HRAC,2005,1,1,1
HRAC,2006,1,1,1
HRAC,2007,1,2,7
HRAC,2017,1,1,2
HRAC,2018,1,2,3
HU,1998,1,1,3
HU,1999,2,3,7
HU,2000,2,3,8
HU,2001,2,3,6
HU,2002,2,3,8
HU,2003,1,2,4
HU,2004,2,5,9
HU,2005,1,3,6
HU,2006,3,6,28
HU,2007,4,8,41
HU,2008,4,9,53
HU,2009,5,10,58
HU,2010,6,11,55
HU,2011,6,17,70
HU,2012,6,17,69
HU,2013,7,20,79
HU,2014,6,18,167
HU,2015,8,20,253
HU,2016,8,19,337
HU,2017,10,17,259
HU,2018,11,20,324
HU,2019,9,18,155
HU,2020,8,15,102
IAG,1998,46,52,197
IAG,1999,55,73,199
IAG,2000,54,73,209
IAG,2001,55,75,230
IAG,2002,61,70,219
IAG,2003,60,71,214
IAG,2004,62,68,238
IAG,2005,61,77,345
IAG,2006,67,83,394
IAG,2007,68,86,395
IAG,2008,66,80,385
IAG,2009,69,75,342
IAG,2010,70,77,333
IAG,2011,66,77,302
IAG,2012,66,78,338
IAG,2013,67,81,310
IAG,2014,65,83,349
IAG,2015,63,79,296
IAG,2016,63,78,292
IAG,2017,66,78,333
IAG,2018,67,87,356
IAG,2019,69,85,338
IAG,2020,68,83,327
IAU,1998,20,31,89
IAU,1999,22,31,66
IAU,2000,22,34,58
IAU,2001,24,34,69
IAU,2002,27,42,92
IAU,2003,26,44,102
IAU,2004,26,43,97
IAU,2005,28,42,86
IAU,2006,29,44,101
IAU,2007,32,45,130
IAU,2008,31,43,109
IAU,2009,34,43,127
IAU,2010,34,45,130
IAU,2011,34,119,340
IAU,2012,35,67,209
IAU,2013,36,67,201
IAU,2014,40,65,199
IAU,2015,38,69,219
IAU,2016,37,58,199
IAU,2017,37,62,192
IAU,2018,37,63,187
IAU,2019,38,65,193
IAU,2020,37,64,187
IB,1997,5,1,5
IB,1998,83,61,403
IB,1999,85,71,445
IB,2000,88,62,415
IB,2001,99,70,561
IB,2002,95,56,482
IB,2003,94,59,527
IB,2004,96,54,475
IB,2005,97,64,586
IB,2006,96,60,472
IB,2007,98,70,593
IB,2008,100,69,491
IB,2009,101,85,498
IB,2010,109,85,516
IB,2011,113,88,676
IB,2012,112,92,749
IB,2013,116,96,860
IB,2014,118,92,834
IB,2015,120,99,799
IB,2016,118,99,700
IB,2017,119,93,757
IB,2018,114,98,695
IB,2019,117,100,826
IB,2020,119,90,771
ICB,1997,1,1,1
ICB,1998,134,96,2332
ICB,1999,118,96,1376
ICB,2000,132,103,1318
ICB,2001,134,99,1358
ICB,2002,128,100,1275
ICB,2003,132,98,1361
ICB,2004,136,102,1674
ICB,2005,142,101,1794
ICB,2006,140,103,1359
ICB,2007,136,106,1334
ICB,2008,138,107,1310
ICB,2009,142,110,1410
ICB,2010,147,106,1577
ICB,2011,149,106,2104
ICB,2012,152,114,2230
ICB,2013,133,91,1386
ICB,2014,136,103,1527
ICB,2015,140,110,1402
ICB,2016,136,101,1300
ICB,2017,140,106,1209
ICB,2018,137,92,1256
ICB,2019,99,71,904
ICB,2020,91,40,569
ICMC,1998,63,108,268
ICMC,1999,62,116,291
ICMC,2000,65,123,319
ICMC,2001,69,137,340
ICMC,2002,75,141,374
ICMC,2003,88,153,458
ICMC,2004,100,175,562
ICMC,2005,103,179,629
ICMC,2006,111,195,646
ICMC,2007,117,228,725
ICMC,2008,125,238,701
ICMC,2009,122,251,773
ICMC,2010,128,264,820
ICMC,2011,140,265,821
ICMC,2012,141,280,795
ICMC,2013,140,287,812
ICMC,2014,136,274,813
ICMC,2015,136,275,802
ICMC,2016,135,278,792
ICMC,2017,132,269,747
ICMC,2018,128,279,759
ICMC,2019,120,280,790
ICMC,2020,122,267,774
IEB,1998,4,8,11
IEB,1999,6,6,7
IEB,2000,5,7,8
IEB,2001,4,8,10
IEB,2002,5,6,8
IEB,2003,4,7,13
IEB,2004,8,13,26
IEB,2005,8,17,32
IEB,2006,8,17,31
IEB,2007,11,19,34
IEB,2008,9,19,28
IEB,2009,11,21,30
IEB,2010,10,15,25
IEB,2011,14,21,38
IEB,2012,13,23,37
IEB,2013,14,24,35
IEB,2014,11,16,25
IEB,2015,13,21,33
IEB,2016,11,15,27
IEB,2017,12,21,33
IEB,2018,11,16,25
IEB,2019,10,16,27
IEB,2020,12,13,20
IEE,1998,1,2,4
IEE,1999,2,4,5
IEE,2000,3,6,8
IEE,2001,3,6,14
IEE,2002,3,7,16
IEE,2003,2,5,8
IEE,2004,4,8,14
IEE,2005,6,9,18
IEE,2006,8,11,23
IEE,2007,9,9,14
IEE,2008,9,10,21
IEE,2009,11,10,22
IEE,2010,8,11,21
IEE,2011,10,14,35
IEE,2012,10,14,35
IEE,2013,10,13,34
IEE,2014,10,11,28
IEE,2015,9,11,20
IEE,2016,9,9,16
IEE,2017,8,11,15
IEE,2018,8,11,16
IEE,2019,7,8,12
IEE,2020,9,15,26
IF,1998,152,115,603
IF,1999,152,117,597
IF,2000,149,117,634
IF,2001,143,109,544
IF,2002,147,116,573
IF,2003,146,106,547
IF,2004,142,103,556
IF,2005,146,102,596
IF,2006,141,100,492
IF,2007,131,102,651
IF,2008,131,96,591
IF,2009,125,99,631
IF,2010,130,102,614
IF,2011,138,102,628
IF,2012,132,103,640
IF,2013,137,97,621
IF,2014,138,107,587
IF,2015,127,97,548
IF,2016,122,102,531
IF,2017,123,103,498
IF,2018,121,102,482
IF,2019,110,99,480
IF,2020,114,100,467
IFSC,1998,50,65,190
IFSC,1999,51,73,205
IFSC,2000,48,71,188
IFSC,2001,53,75,193
IFSC,2002,52,79,216
IFSC,2003,61,79,270
IFSC,2004,63,94,288
IFSC,2005,63,100,285
IFSC,2006,69,98,304
IFSC,2007,68,98,312
IFSC,2008,69,94,323
IFSC,2009,69,102,316
IFSC,2010,72,106,337
IFSC,2011,75,115,346
IFSC,2012,72,118,332
IFSC,2013,75,120,316
IFSC,2014,74,126,328
IFSC,2015,76,124,336
IFSC,2016,75,127,334
IFSC,2017,73,117,362
IFSC,2018,76,122,337
IFSC,2019,84,121,342
IFSC,2020,79,123,350
IGc,1998,54,61,336
IGc,1999,57,59,156
IGc,2000,59,60,184
IGc,2001,58,60,168
IGc,2002,62,63,341
IGc,2003,64,64,237
IGc,2004,70,64,256
IGc,2005,67,72,275
IGc,2006,67,80,447
IGc,2007,66,93,491
IGc,2008,61,84,406
IGc,2009,65,89,412
IGc,2010,71,85,454
IGc,2011,66,85,459
IGc,2012,66,87,440
IGc,2013,66,90,425
IGc,2014,63,80,383
IGc,2015,65,90,412
IGc,2016,61,91,455
IGc,2017,59,81,407
IGc,2018,62,82,386
IGc,2019,58,84,371
IGc,2020,61,75,334
IME,1997,3,2,6
IME,1998,162,172,795
IME,1999,173,174,954
IME,2000,174,183,946
IME,2001,169,182,907
IME,2002,171,193,992
IME,2003,176,194,1053
IME,2004,177,204,1065
IME,2005,187,202,1099
IME,2006,195,206,1074
IME,2007,194,203,1046
IME,2008,188,214,1112
IME,2009,192,215,1143
IME,2010,193,216,1187
IME,2011,195,210,1174
IME,2012,197,219,1196
IME,2013,193,216,1174
IME,2014,197,217,1221
IME,2015,201,219,1213
IME,2016,200,226,1199
IME,2017,197,227,1203
IME,2018,197,225,1214
IME,2019,196,232,1156
IME,2020,192,235,1182
IMT,2013,2,4,4
IMT,2014,1,1,1
IMT,2015,2,4,11
IMT,2016,2,1,6
IMT,2020,3,2,12
IO,1994,1,1,1
IO,1997,1,1,1
IO,1998,25,34,56
IO,1999,30,33,48
IO,2000,30,34,60
IO,2001,28,35,56
IO,2002,33,38,79
IO,2003,35,39,81
IO,2004,36,44,125
IO,2005,35,78,206
IO,2006,37,76,212
IO,2007,37,76,210
IO,2008,37,76,227
IO,2009,36,73,228
IO,2010,38,67,179
IO,2011,40,66,351
IO,2012,40,66,259
IO,2013,38,66,272
IO,2014,37,62,284
IO,2015,40,74,337
IO,2016,38,78,322
IO,2017,37,78,326
IO,2018,38,74,303
IO,2019,37,82,345
IO,2020,41,75,338
IP,1998,80,100,246
IP,1999,80,100,218
IP,2000,83,100,201
IP,2001,77,97,213
IP,2002,77,102,232
IP,2003,77,97,203
IP,2004,73,116,290
IP,2005,80,107,285
IP,2006,82,116,329
IP,2007,83,114,468
IP,2008,86,131,513
IP,2009,85,116,235
IP,2010,88,110,227
IP,2011,92,112,245
IP,2012,88,111,230
IP,2013,80,111,216
IP,2014,82,105,210
IP,2015,84,110,241
IP,2016,87,106,216
IP,2017,81,101,212
IP,2018,82,101,210
IP,2019,77,103,241
IP,2020,77,101,238
IQ,1998,107,80,480
IQ,1999,109,90,516
IQ,2000,110,82,477
IQ,2001,109,82,497
IQ,2002,109,84,469
IQ,2003,111,90,486
IQ,2004,117,97,500
IQ,2005,121,103,539
IQ,2006,117,105,519
IQ,2007,116,108,530
IQ,2008,114,104,555
IQ,2009,115,111,472
IQ,2010,114,108,479
IQ,2011,119,120,510
IQ,2012,122,122,491
IQ,2013,121,123,498
IQ,2014,122,118,524
IQ,2015,121,115,503
IQ,2016,118,111,592
IQ,2017,121,111,632
IQ,2018,116,104,588
IQ,2019,115,106,549
IQ,2020,115,110,556
IQSC,1998,35,50,181
IQSC,1999,39,51,162
IQSC,2000,39,57,175
IQSC,2001,40,61,164
IQSC,2002,40,60,179
IQSC,2003,39,62,256
IQSC,2004,39,69,276
IQSC,2005,39,74,317
IQSC,2006,42,90,343
IQSC,2007,49,98,387
IQSC,2008,51,92,375
IQSC,2009,53,98,417
IQSC,2010,53,100,269
IQSC,2011,54,104,303
IQSC,2012,60,109,300
IQSC,2013,56,108,269
IQSC,2014,56,113,275
IQSC,2015,55,112,327
IQSC,2016,56,112,305
IQSC,2017,54,106,305
IQSC,2018,51,102,320
IQSC,2019,54,106,281
IQSC,2020,52,95,268
IRI,2001,1,2,4
IRI,2002,2,4,7
IRI,2003,2,5,8
IRI,2004,2,5,9
IRI,2005,3,8,15
IRI,2006,3,8,11
IRI,2007,3,7,13
IRI,2008,6,15,30
IRI,2009,7,17,31
IRI,2010,7,18,34
IRI,2011,9,25,46
IRI,2012,11,23,42
IRI,2013,11,25,48
IRI,2014,14,22,49
IRI,2015,15,31,61
IRI,2016,14,32,61
IRI,2017,16,29,47
IRI,2018,17,32,55
IRI,2019,15,35,59
IRI,2020,17,38,62
MAC,1998,4,4,4
MAC,1999,5,5,7
MAC,2000,2,2,3
MAC,2001,5,8,9
MAC,2002,4,6,6
MAC,2003,2,3,3
MAC,2004,4,4,4
MAC,2005,5,10,13
MAC,2006,4,7,9
MAC,2007,4,8,10
MAC,2008,3,6,8
MAC,2009,6,10,12
MAC,2010,6,8,9
MAC,2011,5,7,9
MAC,2012,5,6,8
MAC,2013,4,4,5
MAC,2014,5,7,13
MAC,2015,4,6,9
MAC,2016,3,3,3
MAC,2017,2,2,2
MAC,2018,3,5,5
MAC,2019,2,3,4
MAC,2020,3,4,7
MAE,1998,1,2,2
MAE,1999,10,10,13
MAE,2000,7,8,8
MAE,2001,9,9,10
MAE,2002,11,11,15
MAE,2003,9,10,10
MAE,2004,11,11,12
MAE,2005,12,13,16
MAE,2006,12,13,17
MAE,2007,13,17,23
MAE,2008,11,16,19
MAE,2009,13,17,20
MAE,2010,11,11,11
MAE,2011,10,10,10
MAE,2012,8,9,9
MAE,2013,11,11,11
MAE,2014,15,13,15
MAE,2015,13,13,14
MAE,2016,10,12,13
MAE,2017,12,14,16
MAE,2018,9,10,13
MAE,2019,14,14,18
MAE,2020,9,9,14
MP,1998,2,3,3
MP,1999,1,4,4
MP,2000,2,4,5
MP,2001,2,4,5
MP,2002,2,3,3
MP,2003,2,4,6
MP,2004,4,4,5
MP,2005,4,6,7
MP,2006,5,7,10
MP,2007,6,7,12
MP,2008,4,6,8
MP,2009,4,7,8
MP,2010,4,6,7
MP,2011,2,4,4
MP,2012,4,6,6
MP,2013,4,8,9
MP,2014,6,8,8
MP,2015,5,7,11
MP,2016,5,7,10
MP,2017,2,2,4
MP,2018,2,3,8
MP,2019,2,4,5
MP,2020,1,2,2
MZ,1998,3,3,10
MZ,1999,4,5,14
MZ,2000,4,2,16
MZ,2001,4,3,19
MZ,2002,7,7,16
MZ,2003,6,4,20
MZ,2004,3,3,7
MZ,2005,7,5,13
MZ,2006,3,4,12
MZ,2007,5,6,10
MZ,2008,8,7,15
MZ,2009,5,6,11
MZ,2010,5,5,10
MZ,2011,2,2,7
MZ,2012,3,5,13
MZ,2013,3,3,7
MZ,2014,3,4,17
MZ,2015,5,3,6
MZ,2016,6,6,12
MZ,2017,3,3,10
MZ,2018,7,6,39
MZ,2019,6,6,18
MZ,2020,5,3,11
PUSP-C,1998,1,1,2
PUSP-C,1999,1,1,2
PUSP-C,2000,1,1,2
PUSP-C,2001,1,2,3
PUSP-C,2002,1,1,2
PUSP-C,2003,1,3,4
PUSP-C,2004,1,3,4
PUSP-C,2005,1,3,4
PUSP-C,2006,1,3,4
PUSP-C,2007,1,2,2
PUSP-C,2008,1,6,6
PUSP-C,2009,1,5,6
PUSP-C,2010,1,1,1
PUSP-C,2011,1,2,3
PUSP-C,2012,1,4,7
PUSP-C,2014,1,2,3
PUSP-C,2015,1,2,4
PUSP-C,2016,1,2,2
PUSP-C,2017,1,2,2
PUSP-C,2018,1,2,3
PUSP-C,2019,1,2,3
PUSP-C,2020,1,2,3
PUSP-SC,2017,1,5,6
RUSP,1998,5,13,28
RUSP,1999,4,11,22
RUSP,2000,3,10,24
RUSP,2001,5,12,32
RUSP,2002,6,13,40
RUSP,2003,6,15,35
RUSP,2004,5,12,27
RUSP,2005,6,14,32
RUSP,2006,6,16,53
RUSP,2007,7,17,55
RUSP,2008,7,16,46
RUSP,2009,7,13,41
RUSP,2010,4,8,21
RUSP,2011,4,9,22
RUSP,2012,3,6,13
RUSP,2013,3,6,12
RUSP,2014,4,8,19
RUSP,2015,5,9,19
RUSP,2016,5,12,28
RUSP,2017,5,13,45
RUSP,2018,5,12,41
RUSP,2019,5,15,55
RUSP,2020,6,17,28
SIBI,2015,1,2,2
SIBI,2016,1,2,14
STI,2012,1,2,3
STI,2013,1,2,3
STI,2014,1,1,2
SVOC,1998,1,1,1
SVOC,1999,1,2,2
SVOC,2000,1,2,2
SVOC,2001,1,1,1
SVOC,2002,1,1,1
SVOC,2003,1,1,1
SVOC,2004,1,1,1
SVOC,2005,1,2,2
SVOC,2007,1,2,3
SVOC,2008,1,3,4
SVOC,2009,1,3,14
SVOC,2010,1,1,3
SVOC,2011,1,3,10
SVOC,2012,1,2,46
SVOC,2013,1,3,4
SVOC,2014,1,2,3
SVOC,2015,1,2,3
SVOC,2016,1,2,3
SVOC,2017,1,1,1
SVOC,2018,1,1,1
SVOC,2019,1,3,14
SVOC,2020,1,3,7
