id	codclg	sglclg	codund
1	1	BIO	46
2	1	CamCEx	1
3	1	CamG	1
4	1	CamPGr	1
5	1	CamPq	1
6	1	CAssess	10
7	1	CG	1
8	1	CG	41
9	1	CG	42
10	1	CG	43
11	1	CG	45
12	1	CG	46
13	1	CIL	1
14	1	CO	1
15	1	CoCEx	1
16	1	CoG	1
17	1	Comedit	1
18	1	CoPGr	1
19	1	CoPq	1
20	1	Cruesp	1
21	1	GT	1
22	2	BIO	10
23	2	CamCEx	1
24	2	CamPGr	1
25	2	CG	2
26	2	CONGREG	2
27	2	CPG	2
28	2	CTA	2
29	78	CoC	86
30	3	BIO	10
31	3	CamCEx	1
32	3	CamPGr	1
33	3	CG	3
34	3	CONGREG	3
35	3	CPG	3
36	3	CTA	3
37	80	CoC	88
38	4	BIO	42
39	4	CamCEx	1
40	4	CG	4
41	38	CGen	53
42	5	BIO	42
43	5	CG	5
44	5	CoDelib	1
45	5	CONGREG	5
46	5	CPG	5
47	5	CTA	5
48	13	CAssess	9
49	6	BIO	42
50	6	CEP	6
51	6	CG	6
52	6	CONGREG	6
53	6	CPG	6
54	6	CPq	6
55	6	CTA	6
56	6	LAB	58
57	2	TeD	90
58	7	BIO	83
59	7	CG	7
60	7	CoDelib	1
61	7	CONGREG	7
62	7	CPG	7
63	7	CTA	7
64	39	CGen	64
65	8	BIO	42
66	8	CG	8
67	8	CONGREG	8
68	8	CPG	8
69	8	CTA	8
70	40	CGen	64
71	9	BIO	42
72	9	CG	9
73	9	CONGREG	9
74	9	CPG	9
75	9	CTA	9
76	10	BIO	10
77	10	CEUA	10
78	10	CG	10
79	10	CONGREG	10
80	10	CPG	10
81	10	CTA	10
82	41	CGen	1
83	11	BIO	7
84	11	CEPID	8
85	11	CG	11
86	11	CONGREG	11
87	11	CPG	11
88	11	CPq	11
89	11	CTA	11
90	11	NAP	3
91	42	CGen	81
92	12	BIO	42
93	12	CG	12
94	12	CONGREG	12
95	12	CPG	12
96	12	CTA	12
97	10	CBib	10
98	43	CGen	81
99	13	BIO	5
100	14	BIO	5
101	14	CG	14
102	14	CONGREG	14
103	14	CPG	14
104	14	CTA	14
105	44	CGen	59
106	15	BIO	5
107	15	NAP	10
108	16	BIO	42
109	16	CG	16
110	16	CONGREG	16
111	16	CPG	16
112	16	CTA	16
113	5	GT	1
114	17	BIO	25
115	17	CG	17
116	17	CONGREG	17
117	17	CPG	17
118	17	CTA	17
119	6	GT	1
120	18	BIO	47
121	18	CG	18
122	18	CONGREG	18
123	18	CPG	18
124	18	CTA	18
125	18	NAP	11
126	7	GT	1
127	19	BIO	42
128	20	BIO	39
129	20	NAP	16
130	21	BIO	5
131	21	CG	21
132	21	CONGREG	21
133	21	CPG	21
134	21	CTA	21
135	8	GT	1
136	22	BIO	42
137	22	CG	22
138	22	CONGREG	22
139	22	CPG	22
140	22	CTA	22
141	38	CIPA	38
142	23	BIO	53
143	23	CG	23
144	23	CONGREG	23
145	23	CPG	23
146	23	CTA	23
147	45	CGen	17
148	24	BIO	60
149	25	BIO	60
150	25	CG	25
151	25	CONGREG	25
152	25	CPG	25
153	25	CTA	25
154	25	LAB	43
155	46	CGen	9
156	26	BIO	5
157	26	CG	14
158	26	CG	44
159	27	BIO	41
160	27	CG	27
161	27	CONGREG	27
162	27	CPG	27
163	27	CTA	27
164	47	CGen	9
165	28	BIO	74
166	28	LAB	48
167	28	NAP	6
168	29	BIO	74
169	29	LAB	48
170	30	BIO	42
171	30	CG	30
172	30	LAB	17
173	48	CGen	9
174	31	BIO	10
175	31	CG	31
176	31	CPG	31
177	49	CGen	10
178	32	BIO	42
179	32	CG	32
180	32	CPG	32
181	50	CGen	10
182	33	BIO	59
183	33	CG	33
184	4	CPqEx	4
185	34	BIO	42
186	34	NAP	1
187	35	BIO	42
188	36	BIO	17
189	36	CG	36
190	37	BIO	17
191	37	LAB	48
192	1	CoAUSPIN	1
193	38	BIO	58
194	38	CG	38
195	38	CPG	38
196	38	LAB	23
197	81	CAUSPIN	81
198	39	BIO	42
199	39	CG	39
200	39	CONGREG	39
201	39	CPG	39
202	39	CTA	39
203	40	BIO	42
204	41	BIO	42
205	41	CG	41
206	41	CONGREG	41
207	41	CPG	41
208	41	CTA	41
209	41	LAB	17
210	52	CGen	1
211	42	BIO	10
212	42	CG	42
213	42	CONGREG	42
214	42	CPG	42
215	42	CTA	42
216	53	CGen	3
217	43	BIO	10
218	43	CG	43
219	43	CONGREG	43
220	43	CPG	43
221	43	CTA	43
222	54	CGen	1
223	44	BIO	10
224	44	CG	44
225	44	CONGREG	44
226	44	CPG	44
227	44	CTA	44
228	44	LAB	17
229	55	CGen	1
230	45	BIO	10
231	45	CG	45
232	45	CONGREG	45
233	45	CPG	45
234	45	CTA	45
235	56	CGen	1
236	46	BIO	10
237	46	CG	46
238	46	CONGREG	46
239	46	CPG	46
240	46	CTA	46
241	47	BIO	42
242	47	CG	47
243	47	CONGREG	47
244	47	CPG	47
245	47	CTA	47
246	47	LAB	17
247	47	NAP	16
248	57	CGen	17
249	48	BIO	42
250	48	CG	48
251	48	CONGREG	48
252	48	CPG	48
253	45	CIPA	45
254	49	BIO	41
255	50	BIO	11
256	50	LAB	17
257	51	BIO	41
258	52	BIO	5
259	52	NAP	86
260	53	BIO	5
261	54	BIO	10
262	54	CPG	54
263	54	NACE	59
264	55	BIO	5
265	55	CG	55
266	55	CONGREG	55
267	55	CPG	55
268	55	CTA	55
269	55	NACE	3
270	58	CGen	17
271	56	BIO	58
272	56	LAB	48
273	56	NACE	1
274	57	BIO	59
275	57	LAB	48
276	57	NACE	27
277	58	BIO	59
278	58	CG	58
279	58	CONGREG	58
280	58	CPG	58
281	58	CTA	58
282	58	NACE	58
283	59	BIO	59
284	59	CG	59
285	59	CONGREG	59
286	59	CPG	59
287	59	CTA	59
288	59	NACE	5
289	79	CoC	88
290	60	BIO	59
291	60	CG	60
292	60	CONGREG	60
293	60	CPG	60
294	60	CTA	60
295	60	LAB	48
296	60	NACE	8
297	83	CoC	88
298	61	BIO	59
299	61	CG	61
300	61	CPG	61
301	61	NACE	66
302	85	CoC	88
303	62	BIO	59
304	62	NACE	11
305	86	CoC	88
306	63	BIO	59
307	63	NACE	27
308	64	BIO	59
309	64	CG	64
310	64	CoDelib	64
311	64	CPG	64
312	64	NACE	81
313	65	BIO	42
314	65	CG	1
315	66	BIO	23
316	66	CG	5
317	66	CG	43
318	66	CoGeC	66
319	66	LAB	16
320	66	NACE	1
321	67	BIO	10
322	68	BIO	17
323	69	BIO	64
324	70	BIO	10
325	70	LAB	17
326	71	BIO	22
327	71	CG	71
328	71	CPG	71
329	70	NACE	12
330	72	BIO	42
331	72	NAP	46
332	73	BIO	17
333	73	NAP	42
334	74	BIO	17
335	74	CG	74
336	74	CONGREG	74
337	74	CPG	74
338	74	CTA	74
339	74	LAB	60
340	101	NAP	30
341	75	BIO	17
342	75	CG	75
343	75	CONGREG	75
344	75	CPG	75
345	75	CTA	75
346	96	NAP	46
347	84	CPG	86
348	76	BIO	17
349	76	CG	76
350	76	CONGREG	76
351	76	CPG	76
352	76	CTA	76
353	76	LAB	27
354	144	NAP	8
355	77	BIO	43
356	78	BIO	10
357	79	BIO	17
358	80	BIO	10
359	80	CPG	41
360	80	CPG	42
361	81	BIO	17
362	81	CG	81
363	81	CPG	41
364	81	CPG	43
365	145	NAP	64
366	81	CPG	46
367	81	CPG	48
368	93	CPG	86
369	110	CPG	1
370	82	BIO	17
371	82	CPG	17
372	82	CPG	18
373	82	CPG	55
374	82	CPG	75
375	82	CPG	76
376	83	BIO	10
377	83	CG	83
378	83	CPG	7
379	83	CPG	22
380	91	NAP	43
381	84	BIO	41
382	84	CPG	2
383	84	CPG	8
384	84	CPG	12
385	84	CPG	16
386	84	CPG	27
387	84	CPG	48
388	84	CPG	81
389	85	BIO	18
390	85	CG	85
391	85	CPG	85
392	86	CG	86
393	86	CPG	3
394	86	CPG	4
395	86	CPG	12
396	86	CPG	43
397	87	BIO	17
398	87	CG	87
399	87	CPG	3
400	87	CPG	10
401	87	CPG	15
402	87	CPG	41
403	87	CPG	42
404	87	CPG	46
405	107	NAP	37
406	87	CPG	127
407	88	BIO	17
408	88	CG	88
409	88	CONGREG	88
410	88	CPG	18
411	88	CPG	75
412	88	CPG	76
413	89	BIO	21
414	89	CCEX	89
415	89	CG	89
416	89	CPG	6
417	89	CPG	9
418	89	CPG	12
419	90	BIO	41
420	90	CG	55
421	90	CG	75
422	90	CG	76
423	90	CPG	2
424	90	CPG	3
425	90	CPG	5
426	90	CPG	6
427	90	CPG	7
428	90	CPG	8
429	90	CPG	9
430	90	CPG	10
431	90	CPG	11
432	90	CPG	12
433	90	CPG	14
434	90	CPG	16
435	90	CPG	17
436	90	CPG	18
437	90	CPG	21
438	90	CPG	22
439	90	CPG	23
440	90	CPG	25
441	90	CPG	27
442	90	CPG	39
443	90	CPG	41
444	90	CPG	42
445	90	CPG	43
446	90	CPG	44
447	90	CPG	45
448	90	CPG	46
449	90	CPG	47
450	90	CPG	48
451	90	CPG	55
452	90	CPG	58
453	90	CPG	59
454	90	CPG	60
455	90	CPG	74
456	90	CPG	75
457	90	CPG	76
458	91	BIO	17
459	91	CG	17
460	91	CG	59
461	91	CPG	11
462	91	CPG	64
463	60	CoC	27
464	92	BIO	41
465	92	CG	30
466	92	CG	41
467	92	CPG	12
468	92	CPG	45
469	93	BIO	76
470	93	CG	14
471	93	CG	21
472	93	CPG	8
473	93	CPG	16
474	93	CPG	27
475	93	CPG	32
476	61	CoC	27
477	94	BIO	10
478	94	CG	22
479	94	CG	81
480	94	CPG	23
481	94	CPG	85
482	64	CoC	27
483	95	BIO	5
484	95	CG	58
485	95	CG	60
486	95	CPG	10
487	95	CPG	11
488	95	CPG	41
489	95	CPG	42
490	95	CPG	45
491	95	CPG	46
492	95	CPG	59
493	95	CPG	60
494	95	CPG	76
495	96	BIO	42
496	96	CG	59
497	96	CG	81
498	96	CPG	81
499	65	CoC	27
500	97	BIO	42
501	97	CG	18
502	97	CG	55
503	97	CPG	88
504	100	CCoord	1
505	98	BIO	10
506	98	CG	90
507	98	CPG	127
508	66	CoC	3
509	99	BIO	41
510	99	CG	93
511	99	CPG	83
512	100	BIO	41
513	100	CPG	86
514	101	BIO	41
515	101	CCoord	1
516	101	CPG	87
517	108	NAP	46
518	102	BIO	41
519	102	CPG	93
520	103	BIO	5
521	103	CPG	32
522	103	CPG	33
523	103	CPG	38
524	103	CPG	71
525	127	NAP	93
526	104	BIO	42
527	104	CPG	55
528	105	BIO	5
529	105	CPG	11
530	106	BIO	5
531	106	CPG	4
532	107	BIO	42
533	107	CPG	89
534	85	CCPc	85
535	108	BIO	41
536	108	CPG	6
537	108	CPG	7
538	108	CPG	23
539	89	CCPc	9
540	109	BIO	86
541	110	BIO	5
542	111	BIO	5
543	112	BIO	5
544	113	BIO	5
545	114	BIO	5
546	115	BIO	42
547	116	BIO	17
548	84	CPG	47
549	117	BIO	74
550	118	BIO	41
551	119	BIO	41
552	119	NAP	5
553	120	BIO	41
554	121	BIO	42
555	121	NAP	76
556	122	BIO	17
557	123	BIO	59
558	124	BIO	76
559	125	BIO	41
560	126	BIO	42
561	126	NAP	64
562	127	BIO	42
563	59	CPq	59
564	60	CPq	60
565	129	BIO	74
566	129	NAP	90
567	130	BIO	11
568	130	NAP	18
569	131	BIO	5
570	132	BIO	21
571	133	BIO	41
572	134	BIO	41
573	135	BIO	17
574	136	BIO	60
575	137	BIO	10
576	137	NAP	86
577	138	BIO	41
578	139	BIO	74
579	140	BIO	42
580	141	BIO	76
581	142	BIO	60
582	143	BIO	60
583	144	BIO	17
584	89	CPG	86
585	145	BIO	59
586	92	CCPc	12
587	146	BIO	76
588	147	BIO	17
589	148	BIO	17
590	149	BIO	11
591	150	BIO	11
592	151	BIO	11
593	152	BIO	11
594	153	BIO	11
595	154	BIO	42
596	155	BIO	42
597	156	BIO	11
598	157	BIO	11
599	158	BIO	9
600	159	BIO	42
601	160	BIO	17
602	161	BIO	74
603	162	BIO	60
604	163	BIO	74
605	164	BIO	59
606	165	BIO	60
607	166	BIO	23
608	197	NAP	93
609	168	BIO	17
610	169	BIO	11
611	170	BIO	11
612	171	BIO	11
613	172	BIO	11
614	173	BIO	11
615	174	BIO	11
616	175	BIO	11
617	176	BIO	11
618	177	BIO	11
619	178	BIO	11
620	179	BIO	11
621	180	BIO	60
622	181	BIO	17
623	182	BIO	64
624	183	BIO	9
625	183	NAP	62
626	184	BIO	42
627	184	NAP	93
628	185	BIO	60
629	186	BIO	22
630	187	BIO	60
631	188	BIO	74
632	189	BIO	60
633	190	BIO	5
634	171	NAP	62
635	191	BIO	30
636	192	BIO	17
637	192	NAP	45
638	193	BIO	11
639	194	BIO	90
640	194	NAP	18
641	195	BIO	42
642	256	NAP	86
643	73	CoC	21
644	211	NAP	89
645	214	NAP	83
646	229	NAP	9
647	250	NAP	93
648	253	NAP	90
649	606	CCP	6
650	132	NAP	87
651	2	CCPc	2
652	272	NAP	17
653	261	NAP	87
654	505	CoDepto	6
655	733	CoDepto	10
656	735	CoDepto	10
657	738	CoDepto	10
658	1000	RCoPq	1
659	1001	RCoPq	1
660	1002	RCoPq	1
661	1003	RCoPq	1
662	1004	RCoPq	1
663	1059	CoDepto	21
664	1060	CoDepto	21
665	7000	GPS	1
666	203	NAP	4
667	607	CCP	6
668	51	CoC	27
669	17	CGen	62
670	16	CGen	62
671	15	CGen	62
672	263	NAP	83
673	10	CAssess	55
674	604	CCP	6
675	52	CoC	48
676	53	CoC	48
677	1	CCEX	1
678	8	CCEX	8
679	9	CCEX	9
680	27	CCEX	27
681	41	CCEX	41
682	55	CCEX	55
683	32	CoDelib	32
684	37	CoDelib	37
685	62	CoDelib	62
686	63	CoDelib	63
687	78	CoDelib	78
688	977	CoDelib	18
689	77	CoC	6
690	4	CTA	4
691	31	CTA	31
692	32	CTA	32
693	48	CTA	48
694	81	CTA	81
695	86	CTA	86
696	87	CTA	87
697	88	CTA	88
698	89	CTA	89
699	90	CTA	90
700	93	CTA	93
701	1	BIO	9
702	7	CAS	1
703	2	CAssess	66
704	3	CAssess	7
705	4	CAssess	1
706	5	CAssess	1
707	6	CAssess	7
708	7	CAssess	7
709	302	CCP	3
710	18	CGen	22
711	8	CAssess	55
712	54	CoC	59
713	55	CoC	59
714	56	CoC	59
715	57	CoC	59
716	58	CoC	59
717	19	CGen	10
718	20	CGen	31
719	2	CPq	2
720	3	CPq	3
721	4	CPq	4
722	5	CPq	5
723	7	CPq	7
724	8	CPq	8
725	9	CPq	9
726	10	CPq	10
727	12	CPq	12
728	14	CPq	14
729	16	CPq	16
730	17	CPq	17
731	18	CPq	18
732	21	CPq	21
733	22	CPq	22
734	23	CPq	23
735	25	CPq	25
736	27	CPq	27
737	30	CPq	30
738	31	CPq	31
739	32	CPq	32
740	33	CPq	33
741	37	CPq	37
742	38	CPq	38
743	39	CPq	39
744	41	CPq	41
745	42	CPq	42
746	43	CPq	43
747	44	CPq	44
748	45	CPq	45
749	46	CPq	46
750	47	CPq	47
751	48	CPq	48
752	55	CPq	55
753	58	CPq	58
754	61	CPq	61
755	64	CPq	64
756	71	CPq	71
757	74	CPq	74
758	75	CPq	75
759	76	CPq	76
760	81	CPq	81
761	83	CPq	83
762	86	CPq	86
763	87	CPq	87
764	88	CPq	88
765	89	CPq	89
766	90	CPq	90
767	93	CPq	93
768	62	CPesq	62
769	32	CIPA	32
770	21	CGen	55
771	9	CAssess	48
772	27	CBib	27
773	41	CBib	41
774	55	CBib	55
775	1	CCAD	1
776	2	CCEX	2
777	3	CCEX	3
778	4	CCEX	4
779	5	CCEX	5
780	6	CCEX	6
781	7	CCEX	7
782	10	CCEX	10
783	11	CCEX	11
784	12	CCEX	12
785	13	CCEX	13
786	14	CCEX	14
787	16	CCEX	16
788	17	CCEX	17
789	18	CCEX	18
790	19	CCEX	19
791	21	CCEX	21
792	22	CCEX	22
793	23	CCEX	23
794	25	CCEX	25
795	30	CCEX	30
796	31	CCEX	31
797	32	CCEX	32
798	33	CCEX	33
799	35	CCEX	35
800	37	CCEX	37
801	38	CCEX	38
802	39	CCEX	39
803	42	CCEX	42
804	43	CCEX	43
805	44	CCEX	44
806	45	CCEX	45
807	46	CCEX	46
808	47	CCEX	47
809	48	CCEX	48
810	49	CCEX	49
811	50	CCEX	50
812	52	CCEX	52
813	53	CCEX	53
814	56	CCEX	56
815	58	CCEX	58
816	59	CCEX	59
817	60	CCEX	60
818	61	CCEX	61
819	62	CCEX	62
820	63	CCEX	63
821	64	CCEX	64
822	66	CCEX	66
823	67	CCEX	67
824	69	CCEX	69
825	70	CCEX	70
826	71	CCEX	71
827	72	CCEX	72
828	73	CCEX	73
829	74	CCEX	74
830	75	CCEX	75
831	76	CCEX	76
832	77	CCEX	77
833	78	CCEX	78
834	80	CCEX	80
835	81	CCEX	81
836	82	CCEX	82
837	83	CCEX	83
838	84	CCEX	84
839	86	CCEX	86
840	87	CCEX	87
841	88	CCEX	88
842	90	CCEX	90
843	91	CCEX	91
844	93	CCEX	93
845	7	CIPA	7
846	41	CIPA	41
847	4	CoDelib	4
848	6	CoDelib	1
849	30	CoDelib	30
850	31	CoDelib	31
851	33	CoDelib	33
852	38	CoDelib	38
853	61	CoDelib	61
854	71	CoDelib	71
855	83	CoDelib	83
856	81	CONGREG	81
857	86	CONGREG	86
858	87	CONGREG	87
859	89	CONGREG	89
860	90	CONGREG	90
861	93	CONGREG	93
862	22	CGen	38
863	1	AUCANI	1
864	7	CA	7
865	2	CamG	1
866	1	CAS	1
867	2	CAS	1
868	3	CAS	1
869	4	CAS	1
870	5	CAS	1
871	6	CAS	1
872	8	CAS	1
873	9	CAS	1
874	10	CAS	1
875	11	CAS	1
876	12	CAS	1
877	13	CAS	1
878	14	CAS	1
879	15	CAS	1
880	16	CAS	1
881	17	CAS	1
882	18	CAS	1
883	19	CAS	1
884	20	CAS	1
885	21	CAS	1
886	22	CAS	1
887	23	CAS	1
888	24	CAS	1
889	25	CAS	1
890	26	CAS	1
891	30	CC	30
892	102	CCoord	7
893	303	CCP	3
894	305	CCP	3
895	76	NACE	12
896	306	CCP	3
897	307	CCP	3
898	308	CCP	3
899	309	CCP	3
900	310	CCP	3
901	311	CCP	3
902	312	CCP	3
903	313	CCP	3
904	314	CCP	3
905	503	CCP	5
906	505	CCP	5
907	507	CCP	5
908	510	CCP	5
909	511	CCP	5
910	512	CCP	5
911	513	CCP	5
912	514	CCP	5
913	515	CCP	5
914	517	CCP	5
915	518	CCP	5
916	519	CCP	5
917	520	CCP	5
918	521	CCP	5
919	522	CCP	5
920	523	CCP	5
921	524	CCP	5
922	527	CCP	5
923	528	CCP	5
924	529	CCP	5
925	530	CCP	5
926	531	CCP	5
927	532	CCP	5
928	534	CCP	5
929	535	CCP	5
930	601	CCP	6
931	602	CCP	6
932	603	CCP	6
933	506	CCP	5
934	605	CCP	6
935	701	CCP	7
936	702	CCP	7
937	703	CCP	7
938	704	CCP	7
939	705	CCP	7
940	801	CCP	8
941	803	CCP	8
942	804	CCP	8
943	806	CCP	8
944	807	CCP	8
945	809	CCP	8
946	810	CCP	8
947	811	CCP	8
948	812	CCP	8
949	813	CCP	8
950	814	CCP	8
951	815	CCP	8
952	816	CCP	8
953	817	CCP	8
954	819	CCP	8
955	820	CCP	8
956	822	CCP	8
957	823	CCP	8
958	824	CCP	8
959	825	CCP	8
960	826	CCP	8
961	827	CCP	8
962	828	CCP	8
963	829	CCP	8
964	830	CCP	8
965	831	CCP	8
966	901	CCP	9
967	902	CCP	9
968	903	CCP	9
969	904	CCP	9
970	906	CCP	9
971	1006	CCP	10
972	1007	CCP	10
973	1008	CCP	10
974	1104	CCP	11
975	1105	CCP	11
976	1108	CCP	11
977	1109	CCP	11
978	1110	CCP	11
979	1112	CCP	11
980	1113	CCP	11
981	1114	CCP	11
982	1115	CCP	11
983	1118	CCP	11
984	1119	CCP	11
985	1120	CCP	11
986	1121	CCP	11
987	1201	CCP	12
988	1202	CCP	12
989	1203	CCP	12
990	1205	CCP	12
991	1402	CCP	14
992	1403	CCP	14
993	1404	CCP	14
994	1405	CCP	14
995	1702	CCP	17
996	1703	CCP	17
997	1704	CCP	17
998	1705	CCP	17
999	1706	CCP	17
1000	1707	CCP	17
1001	1708	CCP	17
1002	1709	CCP	17
1003	1710	CCP	17
1004	9	CIPA	9
1005	1712	CCP	17
1006	1714	CCP	17
1007	1002	CCP	10
1008	1003	CCP	10
1009	1004	CCP	10
1010	1005	CCP	10
1011	1102	CCP	11
1012	1715	CCP	17
1013	1716	CCP	17
1014	1717	CCP	17
1015	1719	CCP	17
1016	1720	CCP	17
1017	1721	CCP	17
1018	1722	CCP	17
1019	1723	CCP	17
1020	1724	CCP	17
1021	1725	CCP	17
1022	1726	CCP	17
1023	1801	CCP	18
1024	1802	CCP	18
1025	1805	CCP	18
1026	1806	CCP	18
1027	1807	CCP	18
1028	1808	CCP	18
1029	1809	CCP	18
1030	1810	CCP	18
1031	1811	CCP	18
1032	1812	CCP	18
1033	2105	CCP	21
1034	2202	CCP	22
1035	2203	CCP	22
1036	2204	CCP	22
1037	2205	CCP	22
1038	2302	CCP	23
1039	2304	CCP	23
1040	2309	CCP	23
1041	2310	CCP	23
1042	2311	CCP	23
1043	2512	CCP	25
1044	2513	CCP	25
1045	2702	CCP	27
1046	2704	CCP	27
1047	2705	CCP	27
1048	2706	CCP	27
1049	2707	CCP	27
1050	2708	CCP	27
1051	3901	CCP	39
1052	4102	CCP	41
1053	4103	CCP	41
1054	4104	CCP	41
1055	4105	CCP	41
1056	4106	CCP	41
1057	4107	CCP	41
1058	4202	CCP	42
1059	4203	CCP	42
1060	4204	CCP	42
1061	4205	CCP	42
1062	4206	CCP	42
1063	4207	CCP	42
1064	4208	CCP	42
1065	4402	CCP	44
1066	4404	CCP	44
1067	4405	CCP	44
1068	4502	CCP	45
1069	4503	CCP	45
1070	4504	CCP	45
1071	4505	CCP	45
1072	4506	CCP	45
1073	4602	CCP	46
1074	4607	CCP	46
1075	4608	CCP	46
1076	4702	CCP	47
1077	4703	CCP	47
1078	4704	CCP	47
1079	4705	CCP	47
1080	4706	CCP	47
1081	5502	CCP	55
1082	5503	CCP	55
1083	5504	CCP	55
1084	5505	CCP	55
1085	5803	CCP	58
1086	5804	CCP	58
1087	5805	CCP	58
1088	5806	CCP	58
1089	5807	CCP	58
1090	5903	CCP	59
1091	5904	CCP	59
1092	5905	CCP	59
1093	5906	CCP	59
1094	5907	CCP	59
1095	5908	CCP	59
1096	5909	CCP	59
1097	5910	CCP	59
1098	6001	CCP	60
1099	6002	CCP	60
1100	6003	CCP	60
1101	6004	CCP	60
1102	6402	CCP	64
1103	7401	CCP	74
1104	7402	CCP	74
1105	7403	CCP	74
1106	7404	CCP	74
1107	7405	CCP	74
1108	7504	CCP	75
1109	9701	CCP	88
1110	9702	CCP	88
1111	9703	CCP	88
1112	9704	CCP	88
1113	9901	CCP	83
1114	10001	CCP	86
1115	10002	CCP	86
1116	10003	CCP	86
1117	10004	CCP	86
1118	10005	CCP	86
1119	10006	CCP	86
1120	10007	CCP	86
1121	10008	CCP	86
1122	10009	CCP	86
1123	10010	CCP	86
1124	10011	CCP	86
1125	10601	CCP	4
1126	10602	CCP	4
1127	1	CENTRO	8
1128	7	CENTRO	8
1129	7	CEP	7
1130	1	CEPID	8
1131	2	CEPID	76
1132	3	CEPID	9
1133	4	CEPID	17
1134	5	CEPID	55
1135	7	CEPID	46
1136	8	CEPID	41
1137	1	CERT	1
1138	1	CEU	1
1139	2	CEU	1
1140	3	CEU	1
1141	4	CEU	1
1142	5	CEU	1
1143	6	CEU	1
1144	7	CEU	1
1145	8	CEU	1
1146	9	CEU	1
1147	10	CEU	1
1148	41	CEUA	41
1149	13	CGen	17
1150	10	CHosp	10
1151	11	CHosp	10
1152	12	CHosp	10
1153	2	CoC	59
1154	3	CoC	59
1155	7	CCPAE	7
1156	55	CCPAE	55
1157	1	CEdit	7
1158	2	CENTRO	8
1159	3	CENTRO	6
1160	4	CENTRO	8
1161	5	CENTRO	8
1162	6	CENTRO	8
1163	8	CENTRO	8
1164	41	CEP	41
1165	74	CEP	74
1166	6	CEPID	76
1167	9	CEPID	45
1168	10	CEPID	17
1169	11	CEU	1
1170	12	CEU	1
1171	13	CEU	1
1172	14	CEU	1
1173	37	CG	37
1174	67	CG	5
1175	1	CGen	55
1176	2	CGen	55
1177	3	CGen	46
1178	4	CGen	55
1179	5	CGen	23
1180	6	CGen	27
1181	7	CGen	7
1182	8	CGen	55
1183	9	CGen	1
1184	10	CGen	27
1185	11	CGen	3
1186	12	CGen	17
1187	14	CGen	17
1188	1	CoC	75
1189	4	CoC	12
1190	5	CoC	12
1191	6	CoC	12
1192	8	CoC	59
1193	9	CoC	41
1194	10	CoC	55
1195	11	CoC	55
1196	13	CoC	55
1197	14	CoC	55
1198	37	CoC	16
1199	6011	CoC	6
1200	6020	CoC	6
1201	10012	CCP	68
1202	7	CCPc	7
1203	55	CCPc	55
1204	2	CoDeptoc	2
1205	3	CoDeptoc	3
1206	6	CoDeptoc	6
1207	7	CoDeptoc	7
1208	8	CoDeptoc	8
1209	9	CoDeptoc	9
1210	10	CoDeptoc	10
1211	11	CoDeptoc	11
1212	12	CoDeptoc	12
1213	14	CoDeptoc	14
1214	16	CoDeptoc	16
1215	17	CoDeptoc	17
1216	18	CoDeptoc	18
1217	22	CoDeptoc	22
1218	23	CoDeptoc	23
1219	25	CoDeptoc	25
1220	27	CoDeptoc	27
1221	39	CoDeptoc	39
1222	41	CoDeptoc	41
1223	42	CoDeptoc	42
1224	43	CoDeptoc	43
1225	196	CoDepto	2
1226	242	CoDepto	3
1227	11	CoDelib	1
1228	7	CoC	59
1229	12	CoC	55
1230	15	CoC	55
1231	16	CoC	18
1232	17	CoC	7
1233	18	CoC	7
1234	19	CoC	17
1235	20	CoC	17
1236	21	CoC	17
1237	22	CoC	17
1238	23	CoC	17
1239	24	CoC	17
1240	25	CoC	59
1241	26	CoC	27
1242	27	CoC	27
1243	28	CoC	18
1244	29	CoC	18
1245	30	CoC	18
1246	31	CoC	18
1247	32	CoC	18
1248	33	CoC	18
1249	34	CoC	18
1250	35	CoC	18
1251	36	CoC	16
1252	38	CoC	74
1253	39	CoC	46
1254	40	CoC	46
1255	41	CoC	86
1256	42	CoC	86
1257	43	CoC	86
1258	44	CoC	86
1259	45	CoC	86
1260	46	CoC	86
1261	47	CoC	86
1262	48	CoC	86
1263	49	CoC	86
1264	50	CoC	86
1265	44	CoDeptoc	44
1266	45	CoDeptoc	45
1267	46	CoDeptoc	46
1268	47	CoDeptoc	47
1269	48	CoDeptoc	48
1270	55	CoDeptoc	55
1271	58	CoDeptoc	58
1272	59	CoDeptoc	59
1273	60	CoDeptoc	60
1274	74	CoDeptoc	74
1275	75	CoDeptoc	75
1276	76	CoDeptoc	76
1277	189	CoDepto	2
1278	190	CoDepto	2
1279	191	CoDepto	2
1280	192	CoDepto	2
1281	193	CoDepto	2
1282	194	CoDepto	2
1283	195	CoDepto	2
1284	197	CoDepto	2
1285	241	CoDepto	3
1286	243	CoDepto	3
1287	245	CoDepto	3
1288	246	CoDepto	3
1289	248	CoDepto	3
1290	249	CoDepto	3
1291	250	CoDepto	3
1292	251	CoDepto	3
1293	252	CoDepto	3
1294	253	CoDepto	3
1295	423	CoDepto	5
1296	424	CoDepto	5
1297	425	CoDepto	5
1298	426	CoDepto	5
1299	427	CoDepto	5
1300	429	CoDepto	5
1301	430	CoDepto	5
1302	431	CoDepto	5
1303	432	CoDepto	5
1304	433	CoDepto	5
1305	434	CoDepto	5
1306	435	CoDepto	5
1307	436	CoDepto	5
1308	437	CoDepto	5
1309	438	CoDepto	5
1310	439	CoDepto	5
1311	506	CoDepto	6
1312	507	CoDepto	6
1313	508	CoDepto	6
1314	509	CoDepto	6
1315	548	CoDepto	7
1316	549	CoDepto	7
1317	550	CoDepto	7
1318	551	CoDepto	7
1319	591	CoDepto	8
1320	592	CoDepto	8
1321	594	CoDepto	8
1322	596	CoDepto	8
1323	598	CoDepto	8
1324	599	CoDepto	8
1325	600	CoDepto	8
1326	601	CoDepto	8
1327	602	CoDepto	8
1328	603	CoDepto	8
1329	652	CoDepto	9
1330	654	CoDepto	9
1331	659	CoDepto	9
1332	737	CoDepto	10
1333	761	CoDepto	11
1334	762	CoDepto	11
1335	766	CoDepto	11
1336	812	CoDepto	12
1337	813	CoDepto	12
1338	814	CoDepto	12
1339	604	CoDepto	8
1340	651	CoDepto	9
1341	734	CoDepto	10
1342	736	CoDepto	10
1343	758	CoDepto	11
1344	835	CoDepto	14
1345	836	CoDepto	14
1346	837	CoDepto	14
1347	891	CoDepto	16
1348	892	CoDepto	16
1349	893	CoDepto	16
1350	930	CoDepto	17
1351	932	CoDepto	17
1352	933	CoDepto	17
1353	935	CoDepto	17
1354	937	CoDepto	17
1355	938	CoDepto	17
1356	940	CoDepto	17
1357	942	CoDepto	17
1358	980	CoDepto	18
1359	981	CoDepto	18
1360	982	CoDepto	18
1361	983	CoDepto	18
1362	984	CoDepto	18
1363	986	CoDepto	18
1364	1081	CoDepto	22
1365	1082	CoDepto	22
1366	1083	CoDepto	22
1367	1112	CoDepto	23
1368	1113	CoDepto	23
1369	1114	CoDepto	23
1370	1115	CoDepto	23
1371	1116	CoDepto	23
1372	1117	CoDepto	23
1373	1118	CoDepto	23
1374	1166	CoDepto	25
1375	1167	CoDepto	25
1376	1168	CoDepto	25
1377	1169	CoDepto	25
1378	1173	CoDepto	25
1379	1174	CoDepto	25
1380	1231	CoDepto	27
1381	1232	CoDepto	27
1382	1233	CoDepto	27
1383	1234	CoDepto	27
1384	1235	CoDepto	27
1385	1236	CoDepto	27
1386	1237	CoDepto	27
1387	1238	CoDepto	27
1388	1449	CoDepto	39
1389	1450	CoDepto	39
1390	1451	CoDepto	39
1391	1475	CoDepto	41
1392	1476	CoDepto	41
1393	1477	CoDepto	41
1394	1478	CoDepto	41
1395	1479	CoDepto	41
1396	1522	CoDepto	42
1397	1523	CoDepto	42
1398	1524	CoDepto	42
1399	1525	CoDepto	42
1400	1526	CoDepto	42
1401	1527	CoDepto	42
1402	1528	CoDepto	42
1403	1564	CoDepto	43
1404	1565	CoDepto	43
1405	1566	CoDepto	43
1406	1567	CoDepto	43
1407	1568	CoDepto	43
1408	1569	CoDepto	43
1409	1664	CoDepto	45
1410	1665	CoDepto	45
1411	1666	CoDepto	45
1412	1667	CoDepto	45
1413	1715	CoDepto	46
1414	1716	CoDepto	46
1415	1738	CoDepto	47
1416	1739	CoDepto	47
1417	1740	CoDepto	47
1418	1741	CoDepto	47
1419	1760	CoDepto	48
1420	1761	CoDepto	48
1421	1762	CoDepto	48
1422	1947	CoDepto	55
1423	1949	CoDepto	55
1424	2019	CoDepto	58
1425	2020	CoDepto	58
1426	2021	CoDepto	58
1427	2022	CoDepto	58
1428	2023	CoDepto	58
1429	2048	CoDepto	59
1430	2049	CoDepto	59
1431	2050	CoDepto	59
1432	2051	CoDepto	59
1433	2081	CoDepto	60
1434	2082	CoDepto	60
1435	2084	CoDepto	60
1436	2470	CoDepto	74
1437	2471	CoDepto	74
1438	2472	CoDepto	74
1439	2488	CoDepto	75
1440	2489	CoDepto	75
1441	2508	CoDepto	76
1442	2509	CoDepto	76
1443	2614	CoDepto	11
1444	2615	CoDepto	11
1445	2616	CoDepto	11
1446	2618	CoDepto	11
1447	2619	CoDepto	11
1448	2620	CoDepto	11
1449	2621	CoDepto	18
1450	2642	CoDepto	44
1451	2643	CoDepto	44
1452	2692	CoDepto	3
1453	2693	CoDepto	3
1454	2694	CoDepto	3
1455	2695	CoDepto	3
1456	2696	CoDepto	5
1457	2799	CoDepto	17
1458	2800	CoDepto	17
1459	2801	CoDepto	17
1460	2802	CoDepto	17
1461	2803	CoDepto	17
1462	2804	CoDepto	17
1463	2880	CoDepto	18
1464	2914	CoDepto	81
1465	2921	CoDepto	81
1466	2922	CoDepto	81
1467	3298	CoDepto	55
1468	3385	CoDepto	55
1469	3477	CoDepto	89
1470	3478	CoDepto	89
1471	3479	CoDepto	89
1472	3607	CoDepto	11
1473	3608	CoDepto	11
1474	3688	CoDepto	59
1475	3689	CoDepto	59
1476	3690	CoDepto	59
1477	3691	CoDepto	18
1478	3692	CoDepto	93
1479	3829	CoDepto	88
1480	3830	CoDepto	88
1481	3831	CoDepto	88
1482	3832	CoDepto	88
1483	3833	CoDepto	74
1484	3834	CoDepto	74
1485	3882	CoDepto	58
1486	3883	CoDepto	58
1487	13	CoGeC	13
1488	19	CoGeC	19
1489	95	CoC	3
1490	52	CoGeC	52
1491	53	CoGeC	53
1492	82	CoGeC	82
1493	92	CoGeC	92
1494	10	CoHosp	10
1495	11	CoHosp	10
1496	12	CoHosp	10
1497	32	ComTA	32
1498	33	ComTA	33
1499	38	ComTA	38
1500	71	ComTA	71
1501	1	CoRInt	1
1502	69	CoSuperv	69
1503	2	CP	1
1504	3	CP	1
1505	4	CP	1
1506	5	CP	89
1507	51	CPG	51
1508	84	CPG	1
1509	90	CPG	4
1510	109	CPG	90
1511	1	CPq	1
1512	2	CRInt	2
1513	3	CRInt	3
1514	4	CRInt	4
1515	5	CRInt	5
1516	6	CRInt	6
1517	7	CRInt	7
1518	8	CRInt	8
1519	9	CRInt	9
1520	10	CRInt	10
1521	49	CoGeC	49
1522	11	CRInt	11
1523	12	CRInt	12
1524	14	CRInt	14
1525	16	CRInt	16
1526	17	CRInt	17
1527	18	CRInt	18
1528	21	CRInt	21
1529	22	CRInt	22
1530	23	CRInt	23
1531	25	CRInt	25
1532	27	CRInt	27
1533	31	CRInt	31
1534	39	CRInt	39
1535	41	CRInt	41
1536	42	CRInt	42
1537	43	CRInt	43
1538	44	CRInt	44
1539	45	CRInt	45
1540	46	CRInt	46
1541	47	CRInt	47
1542	48	CRInt	48
1543	53	CRInt	53
1544	55	CRInt	55
1545	58	CRInt	58
1546	59	CRInt	59
1547	60	CRInt	60
1548	61	CRInt	61
1549	64	CRInt	64
1550	74	CRInt	74
1551	75	CRInt	75
1552	76	CRInt	76
1553	81	CRInt	81
1554	86	CRInt	86
1555	87	CRInt	87
1556	88	CRInt	88
1557	89	CRInt	89
1558	90	CRInt	90
1559	93	CRInt	93
1560	27	EFM	27
1561	48	EFM	48
1562	88	EFM	88
1563	2	GT	1
1564	3	GT	62
1565	4	GT	55
1566	1	INCT	5
1567	2	INCT	14
1568	3	INCT	41
1569	4	INCT	76
1570	5	INCT	17
1571	6	INCT	41
1572	7	INCT	76
1573	8	INCT	11
1574	9	INCT	3
1575	10	INCT	43
1576	11	INCT	5
1577	12	INCT	76
1578	13	INCT	46
1579	14	INCT	5
1580	15	INCT	11
1581	16	INCT	55
1582	17	INCT	44
1583	18	INCT	8
1584	1	LAB	16
1585	2	LAB	16
1586	3	LAB	41
1587	4	LAB	9
1588	5	LAB	74
1589	7	LAB	9
1590	8	LAB	60
1591	9	LAB	9
1592	10	LAB	60
1593	11	LAB	3
1594	12	LAB	3
1595	13	LAB	17
1596	14	LAB	74
1597	15	LAB	17
1598	16	LAB	74
1599	17	LAB	8
1600	18	LAB	74
1601	19	LAB	74
1602	20	LAB	17
1603	24	LAB	74
1604	26	LAB	16
1605	27	LAB	59
1606	34	LAB	17
1607	35	LAB	23
1608	36	LAB	17
1609	40	LAB	3
1610	48	LAB	17
1611	49	LAB	17
1612	51	LAB	17
1613	52	LAB	17
1614	53	LAB	17
1615	61	LAB	16
1616	64	LAB	59
1617	67	LAB	3
1618	69	LAB	3
1619	65	NACE	1
1620	1	NAP	3
1621	72	NACE	59
1622	4	NAP	44
1623	5	NAP	5
1624	10	NAP	8
1625	13	NAP	8
1626	16	NAP	23
1627	17	NAP	11
1628	81	CoDeptoc	81
1629	9301	CCP	32
1630	88	CoDeptoc	88
1631	40	NAP	1
1632	42	NAP	5
1633	21	LAB	74
1634	22	LAB	3
1635	23	LAB	74
1636	31	LAB	17
1637	32	LAB	17
1638	33	LAB	74
1639	39	LAB	48
1640	42	LAB	17
1641	43	LAB	74
1642	45	LAB	17
1643	46	LAB	17
1644	54	LAB	17
1645	55	LAB	17
1646	58	LAB	48
1647	59	LAB	58
1648	62	LAB	16
1649	63	LAB	16
1650	65	LAB	3
1651	68	LAB	3
1652	71	LAB	17
1653	72	LAB	23
1654	73	LAB	17
1655	77	LAB	6
1656	89	CoDeptoc	89
1657	67	NACE	5
1658	1727	CCP	17
1659	66	NAP	41
1660	1813	CCP	18
1661	68	NAP	17
1662	2931	CoDelib	1
1663	1728	CCP	17
1664	90	CCPAE	90
1665	12	NAP	11
1666	100	NAP	87
1667	29	NAP	8
1668	165	NAP	75
1669	84	NAP	44
1670	85	NAP	14
1671	39	NAP	6
1672	41	NAP	11
1673	43	NAP	1
1674	48	NAP	6
1675	49	NAP	12
1676	51	NAP	46
1677	53	NAP	47
1678	65	NAP	42
1679	9601	CCP	81
1680	69	NAP	27
1681	70	NAP	5
1682	95	CPG	5
1683	3475	CoDelib	1
1684	37	CGen	64
1685	9	CEUA	9
1686	9	CCPAE	9
1687	123	NAP	6
1688	34	CGen	9
1689	17157	CCP	17
1690	68	NACE	12
1691	4107	CoDepto	17
1692	134	NAP	27
1693	74	CoC	42
1694	71	CoC	25
1695	146	NAP	5
1696	150	NAP	16
1697	75	CoC	42
1698	152	NAP	17
1699	154	NAP	45
1700	36	CGen	1
1701	28	CGen	17
1702	159	NAP	42
1703	72	CoC	25
1704	81	NAP	8
1705	78	LAB	17
1706	81	CoC	88
1707	74	CEUA	74
1708	1601	CCP	16
1709	169	NAP	60
1710	1602	CCP	16
1711	3280	CoDelib	1
1712	2944	CoDelib	1
1713	187	NAP	43
1714	5911	CCP	59
1715	1122	CCP	11
1716	69	NACE	6
1717	191	NAP	59
1718	71	NACE	1
1719	9602	CCP	81
1720	9603	CCP	81
1721	73	NACE	58
1722	4138	CoDepto	17
1723	71	CIPA	71
1724	77	NACE	12
1725	201	CCP	2
1726	215	NAP	43
1727	218	NAP	76
1728	88	NAP	11
1729	1	CoInovaUSP	1
1730	2	CoInovaUSP	1
1731	2	CoAUSPIN	1
1732	228	NAP	48
1733	89	NAP	55
1734	92	NAP	14
1735	242	NAP	17
1736	246	NAP	3
1737	248	NAP	23
1738	95	NAP	76
1739	262	NAP	47
1740	97	NAP	55
1741	1	ProgAcad	1
1742	2	ProgAcad	7
1743	3	ProgAcad	7
1744	4	ProgAcad	7
1745	5	ProgAcad	22
1746	1	ProgAdm	7
1747	1	TeD	7
1748	99	NAP	5
1749	193	NAP	41
1750	195	NAP	9
1751	202	NAP	17
1752	205	NAP	5
1753	210	NAP	58
1754	213	NAP	43
1755	217	NAP	59
1756	220	NAP	48
1757	224	NAP	14
1758	225	NAP	55
1759	227	NAP	76
1760	59	CoC	27
1761	62	CoC	27
1762	63	CoC	27
1763	231	NAP	5
1764	232	NAP	5
1765	233	NAP	48
1766	236	NAP	8
1767	240	NAP	21
1768	258	NAP	9
1769	265	NAP	8
1770	266	NAP	11
1771	274	NAP	46
1772	275	NAP	23
1773	278	NAP	3
1774	279	NAP	8
1775	17	CDH	17
1776	84	CoDelib	1
1777	23	CIPA	23
1778	281	NAP	41
1779	290	NAP	22
1780	283	NAP	86
1781	285	NAP	12
1782	287	NAP	37
1783	33	CGen	9
1784	9	CBib	9
1785	9	CEP	9
1786	35	CGen	17
1787	76	CoC	6
1788	82	CoC	88
1789	84	CoC	88
1790	288	NAP	3
1791	100	CG	9
1792	101	CG	46
1793	102	CG	6
1794	289	NAP	87
1795	25	CEUA	25
1796	291	NAP	17
1797	23	CGen	1
1798	51	CGen	5
1799	90	CEP	90
1800	64	CEUA	64
1801	25	CGen	53
1802	3	CCPc	3
1803	5	CCPc	5
1804	6	CCPc	6
1805	8	CCPc	8
1806	9	CCPc	9
1807	10	CCPc	10
1808	11	CCPc	11
1809	12	CCPc	12
1810	14	CCPc	14
1811	16	CCPc	16
1812	17	CCPc	17
1813	18	CCPc	18
1814	21	CCPc	21
1815	22	CCPc	22
1816	23	CCPc	23
1817	25	CCPc	25
1818	27	CCPc	27
1819	31	CCPc	31
1820	38	CCPc	38
1821	39	CCPc	39
1822	41	CCPc	41
1823	42	CCPc	42
1824	43	CCPc	43
1825	44	CCPc	44
1826	45	CCPc	45
1827	46	CCPc	46
1828	47	CCPc	47
1829	48	CCPc	48
1830	51	CCPc	51
1831	58	CCPc	58
1832	59	CCPc	59
1833	60	CCPc	60
1834	61	CCPc	61
1835	64	CCPc	64
1836	71	CCPc	71
1837	74	CCPc	74
1838	75	CCPc	75
1839	76	CCPc	76
1840	81	CCPc	43
1841	82	CCPc	18
1842	83	CCPc	22
1843	84	CCPc	1
1844	86	CCPc	4
1845	87	CCPc	42
1846	88	CCPc	76
1847	90	CCPc	4
1848	91	CCPc	11
1849	93	CCPc	32
1850	94	CCPc	85
1851	95	CCPc	45
1852	96	CCPc	81
1853	97	CCPc	88
1854	98	CCPc	127
1855	99	CCPc	83
1856	100	CCPc	86
1857	101	CCPc	87
1858	102	CCPc	93
1859	103	CCPc	71
1860	104	CCPc	55
1861	105	CCPc	11
1862	106	CCPc	4
1863	107	CCPc	89
1864	108	CCPc	23
1865	109	CCPc	90
1866	24	CGen	84
1867	5	CoDeptoc	5
1868	33	CoDeptoc	33
1869	6	NAP	5
1870	38	NAP	45
1871	80	NAP	5
1872	83	NAP	8
1873	93	NAP	5
1874	94	NAP	46
1875	98	NAP	14
1876	102	NAP	44
1877	103	NAP	5
1878	110	NAP	7
1879	112	NAP	3
1880	113	NAP	9
1881	118	NAP	17
1882	125	NAP	39
1883	135	NAP	39
1884	136	NAP	3
1885	141	NAP	55
1886	142	NAP	27
1887	143	NAP	58
1888	147	NAP	44
1889	148	NAP	3
1890	149	NAP	42
1891	153	NAP	3
1892	155	NAP	46
1893	158	NAP	17
1894	161	NAP	47
1895	162	NAP	39
1896	166	NAP	8
1897	170	NAP	3
1898	172	NAP	89
1899	173	NAP	11
1900	174	NAP	27
1901	175	NAP	11
1902	177	NAP	18
1903	179	NAP	43
1904	181	NAP	17
1905	185	NAP	58
1906	186	NAP	17
1907	198	NAP	18
1908	230	NAP	17
1909	239	NAP	21
1910	241	NAP	21
1911	245	NAP	3
1912	247	NAP	48
1913	249	NAP	5
1914	251	NAP	9
1915	254	NAP	12
1916	257	NAP	8
1917	260	NAP	27
1918	264	NAP	3
1919	269	NAP	59
1920	271	NAP	58
1921	273	NAP	9
1922	276	NAP	3
1923	277	NAP	16
1924	1	CP	1
1925	108	CPG	47
1926	9	GT	7
1927	10	GT	7
1928	59	CGen	7
1929	60	CGen	7
1930	61	CGen	1
1931	62	CGen	1
1932	63	CGen	1
1933	64	CGen	17
1934	67	CoC	74
1935	25	NACE	7
1936	68	CoC	55
1937	69	CoC	55
1938	26	CGen	89
1939	87	CoC	3
1940	89	CoC	74
1941	88	CoC	59
1942	90	CoC	74
1943	91	CoC	45
1944	92	CoC	17
1945	93	CoC	47
1946	94	CoC	3
1947	70	CoC	9
1948	11	CAssess	9
1949	27	CGen	2
1950	29	CGen	17
1951	30	CGen	1
1952	31	CGen	10
1953	125	CoDelib	1
1954	123	CoDelib	1
1955	127	CoDelib	1
1956	12	CAssess	5
1957	32	CGen	52
1958	131	CoDelib	1
1959	74	NACE	11
1960	75	NACE	25
1961	117	NAP	86
